arrondissement,revenu_median,population
1,21870,119613
2,22480,327215
3,34520,80899
4,20480,91351
5,20290,68867
6,19100,151550
7,18730,125308
8,19700,104778
9,17590,67939
10,19660,104962
11,19950,101858
12,19640,122380
13,19580,7668
14,18990,9991
15,19950,46295
16,20090,93106
17,20160,33983
18,20430,101292
19,22470,575436
20,20610,531435
